msa,zip,county_fips,state,res_ratio
pittsburgh,15237,42003,PA,0.0319585753355455
pittsburgh,15108,42003,PA,0.03218410160108613
pittsburgh,15206,42003,PA,0.028921488292931556
pittsburgh,15221,42003,PA,0.027829941167714863
pittsburgh,15212,42003,PA,0.026810562447471174
pittsburgh,15235,42003,PA,0.026972941358660435
pittsburgh,15213,42003,PA,0.022718012482127042
pittsburgh,15146,42003,PA,0.022560144096248597
pittsburgh,15236,42003,PA,0.02305179135512719
pittsburgh,15205,42003,PA,0.020043270972815063
pittsburgh,15210,42003,PA,0.021262616315171453
pittsburgh,15217,42003,PA,0.02054694629918916
pittsburgh,15102,42003,PA,0.020743905904427984
pittsburgh,15227,42003,PA,0.02102506198213531
pittsburgh,15219,42003,PA,0.0150215527934435
pittsburgh,15136,42003,PA,0.0180090240576385
pittsburgh,15044,42003,PA,0.01869462390488204
pittsburgh,15216,42003,PA,0.017481292596273405
pittsburgh,15090,42003,PA,0.01619128235738095
pittsburgh,15132,42003,PA,0.016558138415993722
pittsburgh,15101,42003,PA,0.01697761726989931
pittsburgh,15202,42003,PA,0.016162715697079135
pittsburgh,15106,42003,PA,0.015723691233493358
pittsburgh,15120,42003,PA,0.015598900033227536
pittsburgh,15220,42003,PA,0.014166056492826009
pittsburgh,15143,42003,PA,0.014546444127371222
pittsburgh,15201,42003,PA,0.01445924063802884
pittsburgh,15017,42003,PA,0.013662381166451916
pittsburgh,15122,42003,PA,0.014923824745042558
pittsburgh,15222,42003,PA,0.009858504820999803
pittsburgh,15241,42003,PA,0.013982628463519622
pittsburgh,15239,42003,PA,0.013920984617605181
pittsburgh,15203,42003,PA,0.012500169144699156
pittsburgh,15232,42003,PA,0.011958906107401622
pittsburgh,15025,42003,PA,0.013424826833415776
pittsburgh,15147,42003,PA,0.013342133869384208
pittsburgh,15218,42003,PA,0.011733379841860982
pittsburgh,15234,42003,PA,0.011583028998167223
pittsburgh,15228,42003,PA,0.01185366051681599
pittsburgh,15238,42003,PA,0.01106582209586069
pittsburgh,15224,42003,PA,0.010417809959540588
pittsburgh,15214,42003,PA,0.011276313277031954
pittsburgh,15229,42003,PA,0.01082826776282455
pittsburgh,15226,42003,PA,0.010440362586094652
pittsburgh,15211,42003,PA,0.010527566075437032
pittsburgh,15116,42003,PA,0.010082527578103505
pittsburgh,15208,42003,PA,0.009655531182013228
pittsburgh,15207,42003,PA,0.009449550526152777
pittsburgh,15215,42003,PA,0.009045106756616565
pittsburgh,15209,42003,PA,0.009327766342760833
pittsburgh,15071,42003,PA,0.009106750602531006
pittsburgh,15065,42003,PA,0.0088225875079498
pittsburgh,15243,42003,PA,0.00917290497375626
pittsburgh,15129,42003,PA,0.008705313849868668
pittsburgh,15137,42003,PA,0.008114435034152195
pittsburgh,15104,42003,PA,0.00807985434010263
pittsburgh,15084,42003,PA,0.007571668488417723
pittsburgh,15037,42003,PA,0.0074348492206564015
pittsburgh,15145,42003,PA,0.005905781140290869
pittsburgh,15024,42003,PA,0.0063357845532550205
pittsburgh,15131,42003,PA,0.0059403618343404335
pittsburgh,15223,42003,PA,0.0057373881953538585
pittsburgh,15204,42003,PA,0.00616739160831801
pittsburgh,15139,42003,PA,0.005582526826349286
pittsburgh,15126,42003,PA,0.005597561910718662
pittsburgh,15110,42003,PA,0.005141998854326571
pittsburgh,15057,42125,PA,0.03743101807802093
pittsburgh,15233,42003,PA,0.003646007959573665
pittsburgh,15133,42003,PA,0.004662379662943478
pittsburgh,15045,42003,PA,0.003575343063037598
pittsburgh,15135,42003,PA,0.0034746079977627793
pittsburgh,15144,42003,PA,0.003139325616325696
pittsburgh,15068,42129,PA,0.09617092612740635
pittsburgh,15112,42003,PA,0.0028972607579787436
pittsburgh,15140,42003,PA,0.0027995327095777997
pittsburgh,15148,42003,PA,0.0024537257690821533
pittsburgh,15014,42003,PA,0.0024642503281407163
pittsburgh,16046,42019,PA,0.07971527286350581
pittsburgh,15230,42003,PA,0.001929001324590933
pittsburgh,15035,42003,PA,0.0017996995990142998
pittsburgh,15034,42003,PA,0.0015456066731718465
pittsburgh,15046,42003,PA,0.0017350487362259833
pittsburgh,15142,42003,PA,0.0015831943840952864
pittsburgh,15134,42003,PA,0.0011967927158023247
pittsburgh,15225,42003,PA,0.0009968260936896248
pittsburgh,15026,42007,PA,0.01197136981422548
pittsburgh,15056,42003,PA,0.0009171401465319323
pittsburgh,15086,42003,PA,0.0006239560013291015
pittsburgh,15063,42125,PA,0.046355851569933396
pittsburgh,15332,42125,PA,0.03387250237868696
pittsburgh,15030,42003,PA,0.0008494822668697405
pittsburgh,15244,42003,PA,0.0006976279147390436
pittsburgh,15076,42003,PA,0.0007577682522165473
pittsburgh,15005,42007,PA,0.05467538286554612
pittsburgh,15049,42003,PA,0.0007818243872075488
pittsburgh,15127,42003,PA,0.0006014033747750375
pittsburgh,15015,42003,PA,0.000777313861896736
pittsburgh,15275,42003,PA,0.00023304380772532705
pittsburgh,15018,42003,PA,0.000648012136320103
pittsburgh,15003,42007,PA,0.07228777242908514
pittsburgh,15031,42003,PA,0.0003773806176713361
pittsburgh,15231,42003,PA,9.472103152706841e-05
pittsburgh,15064,42003,PA,0.00030521221269833157
pittsburgh,15051,42003,PA,0.0003473104489325842
pittsburgh,15260,42003,PA,2.1049118117126314e-05
pittsburgh,15007,42003,PA,0.00020598065586045037
pittsburgh,16059,42019,PA,0.04581026516255255
pittsburgh,15047,42003,PA,0.00023905784147307743
pittsburgh,15082,42003,PA,0.00023003679085145188
pittsburgh,15088,42003,PA,0.00020447714742351277
pittsburgh,15276,42003,PA,1.5035084369375939e-06
pittsburgh,15006,42003,PA,0.00012779821713969548
pittsburgh,15032,42003,PA,0.00010073506527481878
pittsburgh,15085,42129,PA,0.020838421742123144
pittsburgh,15020,42003,PA,0.00010223857371175638
pittsburgh,15075,42003,PA,9.92315568378812e-05
pittsburgh,15642,42129,PA,0.12226058574061327
pittsburgh,15089,42129,PA,0.01796855918467038
pittsburgh,15282,42003,PA,4.5105253108127814e-06
pittsburgh,15083,42129,PA,0.0022981104425250348
pittsburgh,15321,42125,PA,0.007212178877259752
pittsburgh,15012,42051,PA,0.034413331681328214
pittsburgh,16229,42005,PA,0.06039757679076989
pittsburgh,15028,42003,PA,4.5105253108127814e-06
pittsburgh,15001,42007,PA,0.19946921565698925
pittsburgh,16055,42019,PA,0.040586104982724885
pittsburgh,15038,42125,PA,0.001417697431018078
pittsburgh,16201,42005,PA,0.26149958902858533
pittsburgh,16226,42005,PA,0.12819263904532863
pittsburgh,15613,42005,PA,0.07878474230570184
pittsburgh,15656,42005,PA,0.07117416055283265
pittsburgh,15690,42005,PA,0.049225242777557916
pittsburgh,16262,42005,PA,0.03905750555572468
pittsburgh,16242,42005,PA,0.03166002009193583
pittsburgh,16222,42005,PA,0.031020731224694814
pittsburgh,16249,42005,PA,0.028554902736765198
pittsburgh,16259,42005,PA,0.027946056196535663
pittsburgh,15774,42005,PA,0.0225273219884928
pittsburgh,15673,42005,PA,0.017686991993667998
pittsburgh,16218,42005,PA,0.0164997412402204
pittsburgh,16028,42005,PA,0.016743279856312215
pittsburgh,16210,42005,PA,0.0155864714298761
pittsburgh,16049,42005,PA,0.012998873633900575
pittsburgh,15686,42005,PA,0.012268257785625134
pittsburgh,15618,42005,PA,0.011689853572407075
pittsburgh,16041,42005,PA,0.008310755274133155
pittsburgh,16240,42005,PA,0.00779323571493805
pittsburgh,15736,42005,PA,0.006453773326433073
pittsburgh,16228,42005,PA,0.005570945843100247
pittsburgh,16025,42019,PA,0.02196853015859801
pittsburgh,16212,42005,PA,0.004901214648847758
pittsburgh,16263,42005,PA,0.003653079241377211
pittsburgh,16238,42005,PA,0.003653079241377211
pittsburgh,16250,42005,PA,0.0034095406252853968
pittsburgh,16236,42005,PA,0.0032268866632165364
pittsburgh,16244,42005,PA,0.0027093671040214315
pittsburgh,16245,42005,PA,0.0024658284879296175
pittsburgh,16253,42005,PA,0.0019787512557459894
pittsburgh,15732,42005,PA,0.0019178666017230356
pittsburgh,16224,42005,PA,0.0007306158482754422
pittsburgh,15681,42129,PA,0.0056009503297288895
pittsburgh,15010,42007,PA,0.15966038993118187
pittsburgh,15009,42007,PA,0.09169242081317999
pittsburgh,15061,42007,PA,0.07592973426316334
pittsburgh,15066,42007,PA,0.07373536609184178
pittsburgh,15074,42007,PA,0.05022920232993647
pittsburgh,15042,42007,PA,0.04512815799450833
pittsburgh,16117,42073,PA,0.1352302021345797
pittsburgh,15059,42007,PA,0.02570053193322687
pittsburgh,16115,42007,PA,0.017508990016199263
pittsburgh,15052,42007,PA,0.017566434209165795
pittsburgh,15027,42007,PA,0.012787077354350248
pittsburgh,15050,42007,PA,0.012143702393125079
pittsburgh,15043,42007,PA,0.011063751565354258
pittsburgh,16123,42007,PA,0.010466331958502315
pittsburgh,16136,42007,PA,0.005491664847600556
pittsburgh,16141,42073,PA,0.012070253210301876
pittsburgh,15081,42007,PA,0.0032743189990923818
pittsburgh,16157,42073,PA,0.029633555785771076
pittsburgh,16063,42019,PA,0.045279523789701535
pittsburgh,16120,42073,PA,0.021080781554918448
pittsburgh,15077,42007,PA,0.0012867499224503394
pittsburgh,16037,42019,PA,0.03180285559671981
pittsburgh,15021,42125,PA,0.032055185537583256
pittsburgh,16066,42019,PA,0.17128376972068435
pittsburgh,15019,42125,PA,0.007507136060894386
pittsburgh,16001,42019,PA,0.2156787245556342
pittsburgh,16002,42019,PA,0.06974566040877492
pittsburgh,16057,42019,PA,0.056841360362985476
pittsburgh,16033,42019,PA,0.03665237480747617
pittsburgh,16056,42019,PA,0.023175706614494442
pittsburgh,16023,42019,PA,0.020293052491362443
pittsburgh,16053,42019,PA,0.01986637805436457
pittsburgh,16061,42019,PA,0.01259209923823003
pittsburgh,16052,42019,PA,0.011541023186113308
pittsburgh,16003,42019,PA,0.010073679390584024
pittsburgh,16051,42073,PA,0.012720745898282218
pittsburgh,16038,42019,PA,0.010156932939266537
pittsburgh,16034,42019,PA,0.008262914706739375
pittsburgh,16045,42019,PA,0.007066144944428256
pittsburgh,16050,42019,PA,0.006774757524039462
pittsburgh,16020,42019,PA,0.005494734213045831
pittsburgh,16040,42019,PA,0.0047870790492444745
pittsburgh,16029,42019,PA,0.0026224867834991465
pittsburgh,16022,42019,PA,0.0019460517004537318
pittsburgh,16373,42019,PA,0.001394496940432086
pittsburgh,16024,42019,PA,0.0014465304083586563
pittsburgh,16127,42019,PA,0.0011863630687258045
pittsburgh,16027,42019,PA,0.0011031095200432918
pittsburgh,16030,42019,PA,0.0008637555675810681
pittsburgh,16048,42019,PA,0.0004995212920950755
pittsburgh,16035,42019,PA,0.00041626774341256296
pittsburgh,15401,42051,PA,0.271125015487548
pittsburgh,15425,42051,PA,0.1489127741295998
pittsburgh,15478,42051,PA,0.04492937678106802
pittsburgh,15417,42051,PA,0.040763226366001735
pittsburgh,15431,42051,PA,0.035729773262297114
pittsburgh,15461,42051,PA,0.03267872630405154
pittsburgh,15473,42051,PA,0.028404163052905464
pittsburgh,15456,42051,PA,0.02007186222277289
pittsburgh,15445,42051,PA,0.02084623962334283
pittsburgh,15436,42051,PA,0.020536488663114857
pittsburgh,15437,42051,PA,0.017578366992937678
pittsburgh,15442,42051,PA,0.017330566224755296
pittsburgh,15474,42051,PA,0.016184487671911784
pittsburgh,15458,42051,PA,0.015890224259695204
pittsburgh,15486,42051,PA,0.013768430182133565
pittsburgh,15438,42051,PA,0.015193284599182257
pittsburgh,15469,42051,PA,0.014868046090942883
pittsburgh,15480,42051,PA,0.013505141865939785
pittsburgh,15666,42129,PA,0.04018917778715279
pittsburgh,15610,42051,PA,0.013458679221905587
pittsburgh,15468,42051,PA,0.012916615041506629
pittsburgh,15459,42051,PA,0.011553710816503531
pittsburgh,15428,42051,PA,0.012281625573039277
pittsburgh,15464,42051,PA,0.009493866930987487
pittsburgh,15622,42051,PA,0.009013752942634122
pittsburgh,15631,42051,PA,0.008471688762235164
pittsburgh,15683,42129,PA,0.020499811266292158
pittsburgh,15451,42051,PA,0.0073101226613802505
pittsburgh,15470,42051,PA,0.0067215958369470944
pittsburgh,15410,42051,PA,0.006411844876719118
pittsburgh,15424,42051,PA,0.006133069012513939
pittsburgh,15433,42051,PA,0.006071118820468344
pittsburgh,15413,42051,PA,0.004367488539214472
pittsburgh,15475,42051,PA,0.0041661504150662864
pittsburgh,15490,42051,PA,0.003964812290918102
pittsburgh,15444,42051,PA,0.0031594597943253623
pittsburgh,15463,42051,PA,0.002555445421880808
pittsburgh,15440,42051,PA,0.0022766695576756286
pittsburgh,15462,42051,PA,0.002152769173584438
pittsburgh,15450,42051,PA,0.002168256721595837
pittsburgh,15443,42051,PA,0.0020443563375046464
pittsburgh,15476,42051,PA,0.001796555569322265
pittsburgh,15446,42051,PA,0.0017346053772766695
pittsburgh,15472,42051,PA,0.0015642423491512823
pittsburgh,15465,42051,PA,0.0012080287448891093
pittsburgh,15435,42051,PA,0.0013319291289802999
pittsburgh,15421,42051,PA,0.0011925411968777104
pittsburgh,15430,42051,PA,0.0011925411968777104
pittsburgh,15466,42051,PA,0.0011925411968777104
pittsburgh,15467,42051,PA,0.0010066906207409243
pittsburgh,15420,42051,PA,0.0009447404286953289
pittsburgh,15447,42051,PA,0.0008982777846611325
pittsburgh,15488,42051,PA,0.0008053524965927394
pittsburgh,15492,42051,PA,0.0007279147565357453
pittsburgh,15460,42051,PA,0.0007124272085243464
pittsburgh,15422,42051,PA,0.0006659645644901499
pittsburgh,15449,42051,PA,0.0006504770164787511
pittsburgh,15416,42051,PA,0.0004336513443191674
pittsburgh,15415,42051,PA,0.00027877586420517903
pittsburgh,15454,42051,PA,0.00020133812414818486
pittsburgh,15455,42051,PA,0.00010841283607979184
pittsburgh,15557,42051,PA,4.646264403419651e-05
pittsburgh,15320,42051,PA,1.5487548011398836e-05
pittsburgh,16101,42073,PA,0.38875370419447325
pittsburgh,16105,42073,PA,0.17683764184354447
pittsburgh,16102,42073,PA,0.062423205724335656
pittsburgh,16142,42073,PA,0.03505432818560725
pittsburgh,16116,42073,PA,0.03286192690389573
pittsburgh,16156,42073,PA,0.026308815380538222
pittsburgh,16143,42073,PA,0.025369214831233285
pittsburgh,16112,42073,PA,0.01594911701640687
pittsburgh,16160,42073,PA,0.0062158190184788105
pittsburgh,16159,42073,PA,0.0036138482665574482
pittsburgh,16132,42073,PA,0.002722432360806611
pittsburgh,16155,42073,PA,9.636928710819862e-05
pittsburgh,16140,42073,PA,4.818464355409931e-05
pittsburgh,15301,42125,PA,0.2535490009514748
pittsburgh,15317,42125,PA,0.19843958135109419
pittsburgh,15022,42125,PA,0.05445290199809705
pittsburgh,15367,42125,PA,0.03655566127497621
pittsburgh,15033,42125,PA,0.027716460513796386
pittsburgh,15330,42125,PA,0.02680304471931494
pittsburgh,15342,42125,PA,0.02334919124643197
pittsburgh,15314,42125,PA,0.018648905803996193
pittsburgh,15323,42125,PA,0.01987630827783064
pittsburgh,15419,42125,PA,0.01697431018078021
pittsburgh,15312,42125,PA,0.01549000951474786
pittsburgh,15067,42125,PA,0.01164605137963844
pittsburgh,15360,42125,PA,0.008049476688867746
pittsburgh,15423,42125,PA,0.007982873453853474
pittsburgh,15333,42125,PA,0.007706945765937202
pittsburgh,15376,42125,PA,0.007297811607992389
pittsburgh,15055,42125,PA,0.006536631779257849
pittsburgh,15340,42125,PA,0.00582302568981922
pittsburgh,15345,42125,PA,0.006175071360608944
pittsburgh,15311,42125,PA,0.005632730732635585
pittsburgh,15329,42125,PA,0.00566127497621313
pittsburgh,15427,42125,PA,0.0052426260704091345
pittsburgh,15347,42125,PA,0.0035204567078972408
pittsburgh,15054,42125,PA,0.003444338725023787
pittsburgh,15358,42125,PA,0.0034538534728829687
pittsburgh,15322,42125,PA,0.0032350142721217887
pittsburgh,15331,42125,PA,0.0031779257849666983
pittsburgh,15363,42125,PA,0.003082778306374881
pittsburgh,15377,42125,PA,0.002978116079923882
pittsburgh,15368,42125,PA,0.002331113225499524
pittsburgh,15483,42125,PA,0.0011037107516650808
pittsburgh,15348,42125,PA,0.001769743101807802
pittsburgh,15350,42125,PA,0.0017602283539486204
pittsburgh,15324,42125,PA,0.001455756422454805
pittsburgh,15313,42125,PA,0.0013891531874405329
pittsburgh,15429,42125,PA,0.0012464319695528068
pittsburgh,15434,42125,PA,0.0011798287345385348
pittsburgh,15412,42125,PA,0.0011798287345385348
pittsburgh,15078,42125,PA,0.0010466222645099904
pittsburgh,15432,42125,PA,0.0010846812559467175
pittsburgh,15053,42125,PA,0.0009419600380589914
pittsburgh,15378,42125,PA,0.0006565176022835395
pittsburgh,15361,42125,PA,0.0006470028544243578
pittsburgh,15004,42125,PA,0.000570884871550904
pittsburgh,15366,42125,PA,0.0004852521408182683
pittsburgh,15365,42125,PA,0.0004186489058039962
pittsburgh,15379,42125,PA,0.0002949571836346337
pittsburgh,15370,42125,PA,0.00011417697431018078
pittsburgh,15601,42129,PA,0.16370428758576283
pittsburgh,15650,42129,PA,0.07486622110708972
pittsburgh,15644,42129,PA,0.055987299331660634
pittsburgh,15668,42129,PA,0.03481026711370651
pittsburgh,15658,42129,PA,0.025323622799031907
pittsburgh,15632,42129,PA,0.025784355085818327
pittsburgh,15062,42129,PA,0.025229255945111797
pittsburgh,15627,42129,PA,0.018284965694873104
pittsburgh,15626,42129,PA,0.014893309945156205
pittsburgh,15636,42129,PA,0.010669005484379511
pittsburgh,15697,42129,PA,0.009136931856029486
pittsburgh,15672,42129,PA,0.00927570664120612
pittsburgh,15670,42129,PA,0.009292359615427315
pittsburgh,15679,42129,PA,0.008454159912960455
pittsburgh,15717,42129,PA,0.006672291671292492
pittsburgh,15637,42129,PA,0.005445522570331061
pittsburgh,15639,42129,PA,0.005451073561738126
pittsburgh,15479,42129,PA,0.005356706707818016
pittsburgh,15944,42129,PA,0.00534005373359682
pittsburgh,15665,42129,PA,0.003813531096653862
pittsburgh,15687,42129,PA,0.0036470013544419033
pittsburgh,15923,42129,PA,0.003619246397406577
pittsburgh,15628,42129,PA,0.0031918200590625484
pittsburgh,15954,42129,PA,0.002681128849612541
pittsburgh,15675,42129,PA,0.002497946133179386
pittsburgh,15692,42129,PA,0.002336967382374492
pittsburgh,15688,42129,PA,0.0021648866487554677
pittsburgh,15620,42129,PA,0.0019095410440304638
pittsburgh,15623,42129,PA,0.0021038257432777494
pittsburgh,15698,42129,PA,0.0018540311299598108
pittsburgh,15671,42129,PA,0.0017763172502608966
pittsburgh,15611,42129,PA,0.0017152563447831782
pittsburgh,15629,42129,PA,0.0016763994049337212
pittsburgh,15661,42129,PA,0.0013544419033239337
pittsburgh,15634,42129,PA,0.0015542775939782845
pittsburgh,15676,42129,PA,0.0015487266025712193
pittsburgh,15677,42129,PA,0.0014765637142793702
pittsburgh,15678,42129,PA,0.0012822790150320848
pittsburgh,15655,42129,PA,0.0013377889291027378
pittsburgh,15641,42129,PA,0.0012600750494038235
pittsburgh,15684,42129,PA,0.0012045651353331706
pittsburgh,15624,42129,PA,0.001104647290005995
pittsburgh,15612,42129,PA,0.0008659546595021871
pittsburgh,15640,42129,PA,0.0008048937540244687
pittsburgh,15696,42129,PA,0.0008048937540244687
pittsburgh,15647,42129,PA,0.0007493838399538158
pittsburgh,15695,42129,PA,0.0007660368141750117
pittsburgh,15660,42129,PA,0.0007216288829184893
pittsburgh,15615,42129,PA,0.0007382818571396851
pittsburgh,15635,42129,PA,0.0006827719430690321
pittsburgh,15619,42129,PA,0.0006772209516619669
pittsburgh,15633,42129,PA,0.0006550169860337057
pittsburgh,15646,42129,PA,0.000516242200857073
pittsburgh,15638,42129,PA,0.0005939560805559873
pittsburgh,15087,42129,PA,0.0005662011235206608
pittsburgh,15662,42129,PA,0.0005051402180429425
pittsburgh,15693,42129,PA,0.00043297732975109354
pittsburgh,15691,42129,PA,0.00037191642427337524
pittsburgh,15685,42129,PA,0.00034971245864511404
pittsburgh,15680,42129,PA,0.00033861047583098343
pittsburgh,15448,42129,PA,0.00033861047583098343
pittsburgh,15501,42129,PA,0.0003108555187956569
pittsburgh,15072,42129,PA,0.0003164065102027222
pittsburgh,15625,42129,PA,0.0002997535359815263
pittsburgh,15616,42129,PA,0.0002608965961320692
pittsburgh,15779,42129,PA,0.0002442436219108733
pittsburgh,15674,42129,PA,3.330594844239181e-05
pittsburgh,15663,42129,PA,2.775495703532651e-05
pittsburgh,15531,42129,PA,2.2203965628261207e-05
pittsburgh,15617,42129,PA,1.6652974221195905e-05
philadelphia,19020,42017,PA,0.09038556599110233
philadelphia,19067,42017,PA,0.08204222865616835
philadelphia,18974,42017,PA,0.06784478497281266
philadelphia,18966,42017,PA,0.0579973165736883
philadelphia,18901,42017,PA,0.05343902266789068
philadelphia,18951,42017,PA,0.05529270531742109
philadelphia,19047,42017,PA,0.05347433090883412
philadelphia,18940,42017,PA,0.04726008050278935
philadelphia,19053,42017,PA,0.039990113692535835
philadelphia,19007,42017,PA,0.036205070263399475
philadelphia,18944,42017,PA,0.03801285219970341
philadelphia,18976,42017,PA,0.03369112350822682
philadelphia,18914,42017,PA,0.030862933408657582
philadelphia,18902,42017,PA,0.027971188475390155
philadelphia,18938,42017,PA,0.024895840689216863
philadelphia,19057,42017,PA,0.022388955582232892
philadelphia,19054,42017,PA,0.023617682367064474
philadelphia,18960,42017,PA,0.020259868653343692
philadelphia,19030,42017,PA,0.018833415719228867
philadelphia,19056,42017,PA,0.02042581738577784
philadelphia,19055,42017,PA,0.01803544947390721
philadelphia,19021,42017,PA,0.01437751571216722
philadelphia,18954,42017,PA,0.013650165948732433
philadelphia,18929,42017,PA,0.01230139114469317
philadelphia,18947,42017,PA,0.009586187416142927
philadelphia,18969,42091,PA,0.011672175358909888
philadelphia,18977,42017,PA,0.007757220535272932
philadelphia,18925,42017,PA,0.007993785749593954
philadelphia,18917,42017,PA,0.005772897394251819
philadelphia,18972,42017,PA,0.005151472353647341
philadelphia,18942,42017,PA,0.0045936021467410494
philadelphia,18955,42017,PA,0.004794859120118636
philadelphia,18930,42017,PA,0.0039086222724383874
philadelphia,19058,42017,PA,0.00328719723183391
philadelphia,18077,42017,PA,0.0033260362968716897
philadelphia,18036,42017,PA,0.003110656027116729
philadelphia,19006,42091,PA,0.024175723902992944
philadelphia,18912,42017,PA,0.002337405550455476
philadelphia,18949,42017,PA,0.0021855801143987005
philadelphia,18970,42017,PA,0.00213614857707789
philadelphia,18931,42017,PA,0.0019066450109455548
philadelphia,18081,42017,PA,0.001977261492832427
philadelphia,18928,42017,PA,0.0017795353435491844
philadelphia,18950,42017,PA,0.0018254360567756514
philadelphia,18963,42017,PA,0.0016418332038697831
philadelphia,18962,42017,PA,0.001504131064190382
philadelphia,19440,42091,PA,0.02289571335874767
philadelphia,18923,42017,PA,0.001373490572699668
philadelphia,18054,42091,PA,0.005393787006245438
philadelphia,18964,42091,PA,0.01611799416011031
philadelphia,18073,42091,PA,0.010389630140319572
philadelphia,18055,42017,PA,0.000882706023585905
philadelphia,18932,42017,PA,0.0008473977826424688
philadelphia,18920,42017,PA,0.0008509286067368124
philadelphia,18933,42017,PA,0.00045547630817032695
philadelphia,18927,42017,PA,0.00024009603841536616
philadelphia,18934,42017,PA,0.00024362686250970977
philadelphia,18041,42091,PA,0.005538263443912726
philadelphia,18913,42017,PA,0.00016947955652849375
philadelphia,19044,42091,PA,0.020629714494281776
philadelphia,19040,42091,PA,0.024173189228647904
philadelphia,18042,42017,PA,3.883906503777982e-05
philadelphia,19116,42101,PA,0.017264464821877788
philadelphia,18911,42017,PA,7.0616481886872395e-06
philadelphia,18953,42017,PA,7.0616481886872395e-06
philadelphia,18039,42017,PA,7.0616481886872395e-06
philadelphia,18935,42017,PA,7.0616481886872395e-06
philadelphia,19454,42091,PA,0.03264407088977208
philadelphia,19380,42029,PA,0.0956792173927486
philadelphia,19382,42029,PA,0.09454151372718364
philadelphia,19335,42029,PA,0.09795462472387849
philadelphia,19320,42029,PA,0.09639754853925493
philadelphia,19460,42029,PA,0.07592303476224485
philadelphia,19355,42029,PA,0.05896543706090451
philadelphia,19341,42029,PA,0.04774618412529688
philadelphia,19348,42029,PA,0.04527562324569417
philadelphia,19465,42029,PA,0.03076782540816157
philadelphia,19363,42029,PA,0.029953993588998324
philadelphia,19087,42029,PA,0.02728412695776379
philadelphia,19425,42029,PA,0.02762045541364248
philadelphia,19390,42029,PA,0.024008038665315815
philadelphia,19312,42029,PA,0.020441296151738113
philadelphia,19475,42029,PA,0.02162467405205202
philadelphia,19344,42029,PA,0.021537477785713098
philadelphia,19301,42029,PA,0.01662126924546164
philadelphia,19333,42029,PA,0.017970735272135396
philadelphia,19311,42029,PA,0.016463485525419787
philadelphia,19350,42029,PA,0.017053098373997242
philadelphia,19365,42029,PA,0.013075287747678918
philadelphia,19343,42029,PA,0.014125795146904948
philadelphia,19352,42029,PA,0.012273912537992659
philadelphia,19520,42029,PA,0.011289840389310569
philadelphia,19330,42029,PA,0.009678785563620057
philadelphia,19317,42045,PA,0.013892096211577963
philadelphia,19372,42029,PA,0.005991629158431463
philadelphia,19362,42029,PA,0.006033151190021425
philadelphia,19399,42029,PA,0.004135594346360179
philadelphia,19381,42029,PA,0.0040567024863392516
philadelphia,19310,42029,PA,0.0039113753757743855
philadelphia,19442,42029,PA,0.0031639788071550763
philadelphia,19073,42045,PA,0.035971980828988254
philadelphia,19375,42029,PA,0.002869172382866349
philadelphia,19374,42029,PA,0.002894085601820326
philadelphia,19395,42029,PA,0.0020138185321131393
philadelphia,19480,42029,PA,0.0018103605773223273
philadelphia,19369,42029,PA,0.0022172764869039514
philadelphia,19457,42029,PA,0.0015072497467156073
philadelphia,19481,42029,PA,0.0012124433224268798
philadelphia,19342,42045,PA,0.036498656975825564
philadelphia,17527,42029,PA,0.0006062216612134399
philadelphia,19543,42029,PA,0.0005273298011925127
philadelphia,19319,42045,PA,0.000303851623175371
philadelphia,19482,42029,PA,8.719626633891944e-05
philadelphia,17555,42029,PA,0.00011626168845189257
philadelphia,19373,42045,PA,0.0034233949544425135
philadelphia,19421,42029,PA,1.245660947698849e-05
philadelphia,19358,42029,PA,4.152203158996164e-06
philadelphia,19367,42029,PA,4.152203158996164e-06
philadelphia,17536,42029,PA,4.152203158996164e-06
philadelphia,19464,42091,PA,0.0566347635655771
philadelphia,19063,42045,PA,0.0735726063581965
philadelphia,19082,42045,PA,0.06873123716226892
philadelphia,19013,42045,PA,0.06329026742994194
philadelphia,19083,42045,PA,0.058477257718844065
philadelphia,19026,42045,PA,0.05774801382322318
philadelphia,19050,42045,PA,0.05336039638457082
philadelphia,19018,42045,PA,0.04357637411832387
philadelphia,19061,42045,PA,0.03661209491514437
philadelphia,19064,42045,PA,0.036527016460655266
philadelphia,19023,42045,PA,0.035173863898780945
philadelphia,19008,42045,PA,0.03371132475256349
philadelphia,19014,42045,PA,0.03520627473858632
philadelphia,19015,42045,PA,0.03130887125199023
philadelphia,19036,42045,PA,0.02440941372842147
philadelphia,19078,42045,PA,0.022890155612544615
philadelphia,19010,42045,PA,0.02179628976911328
philadelphia,19079,42045,PA,0.017242566776458388
philadelphia,19086,42045,PA,0.01873346540750554
philadelphia,19081,42045,PA,0.016732096049523762
philadelphia,19060,42045,PA,0.016788815019183168
philadelphia,19033,42045,PA,0.012935976437319462
philadelphia,19070,42045,PA,0.011967702598133945
philadelphia,19076,42045,PA,0.011185791087829324
philadelphia,19032,42045,PA,0.010646960876065
philadelphia,19003,42045,PA,0.01112502076319425
philadelphia,19074,42045,PA,0.009597659937366053
philadelphia,19029,42045,PA,0.007746190713484125
philadelphia,19094,42045,PA,0.008248558730467405
philadelphia,19022,42045,PA,0.0069197142984471155
philadelphia,19041,42045,PA,0.005761026775405034
philadelphia,19043,42045,PA,0.004768444806365489
philadelphia,19085,42045,PA,0.0044159769234820585
philadelphia,19016,42045,PA,0.003269443465366992
philadelphia,19331,42045,PA,0.0024672751801840124
philadelphia,19028,42045,PA,0.0023335804659868494
philadelphia,19017,42045,PA,0.0015759770855362577
philadelphia,19096,42091,PA,0.015651614080622923
philadelphia,19052,42045,PA,0.00022687587863761034
philadelphia,19446,42091,PA,0.06557962932922379
philadelphia,19401,42091,PA,0.04844776543109741
philadelphia,19403,42091,PA,0.05072643766728851
philadelphia,19406,42091,PA,0.03840538567604834
philadelphia,19426,42091,PA,0.038861627058155566
philadelphia,19002,42091,PA,0.03772609295157758
philadelphia,19038,42091,PA,0.03284431016303025
philadelphia,19468,42091,PA,0.03243622759347879
philadelphia,19428,42091,PA,0.029784958228566794
philadelphia,19046,42091,PA,0.02630991970151675
philadelphia,19090,42091,PA,0.024642103982480332
philadelphia,19438,42091,PA,0.026862478708735503
philadelphia,19422,42091,PA,0.024865155324843864
philadelphia,19027,42091,PA,0.02312636872414632
philadelphia,19004,42091,PA,0.017628660069754238
philadelphia,19462,42091,PA,0.017768067158731447
philadelphia,19001,42091,PA,0.017605848000648877
philadelphia,19525,42091,PA,0.015669356801038203
philadelphia,19473,42091,PA,0.015636406034552682
philadelphia,19072,42091,PA,0.012437647011112012
philadelphia,19444,42091,PA,0.01307638494606213
philadelphia,19095,42091,PA,0.011403499878335631
philadelphia,19034,42091,PA,0.008582407332305945
philadelphia,19405,42091,PA,0.007867629167004623
philadelphia,19025,42091,PA,0.007380971692756914
philadelphia,19075,42091,PA,0.0071781977451537025
philadelphia,19035,42091,PA,0.00695768107713521
philadelphia,19031,42091,PA,0.005959019385189391
philadelphia,19012,42091,PA,0.006402587395571417
philadelphia,19066,42091,PA,0.005540798118257766
philadelphia,18074,42091,PA,0.00559149160515857
philadelphia,18076,42091,PA,0.0033356314380728366
philadelphia,18936,42091,PA,0.0016602116960012978
philadelphia,19474,42091,PA,0.0026208532727715144
philadelphia,19404,42091,PA,0.0024003366047530214
philadelphia,18915,42091,PA,0.0018579162949144293
philadelphia,19456,42091,PA,0.0019466298969908345
philadelphia,19453,42091,PA,0.0017615986698029037
philadelphia,19437,42091,PA,0.0016754197420715386
philadelphia,19512,42091,PA,0.0015816367913050531
philadelphia,19504,42091,PA,0.001683023765106659
philadelphia,19490,42091,PA,0.001457437748398086
philadelphia,19477,42091,PA,0.0010594938762267824
philadelphia,19009,42091,PA,0.0013332387054911185
philadelphia,19408,42091,PA,0.001171019547408549
philadelphia,19436,42091,PA,0.00118876226782383
philadelphia,19492,42091,PA,0.0011152567118176656
philadelphia,19450,42091,PA,0.0010062657149809391
philadelphia,19443,42091,PA,0.0008922053694541325
philadelphia,18070,42091,PA,0.0006362032606050775
philadelphia,19407,42091,PA,0.0005018655203179495
philadelphia,19505,42091,PA,0.00028134885229945655
philadelphia,19484,42091,PA,0.00021291264498337253
philadelphia,19435,42091,PA,0.00021544731932841268
philadelphia,18084,42091,PA,0.00013687241463216805
philadelphia,19118,42101,PA,0.006698602207254727
philadelphia,19138,42101,PA,0.01757764951716303
philadelphia,19128,42101,PA,0.025565761178284508
philadelphia,19451,42091,PA,2.788141779544164e-05
philadelphia,19518,42091,PA,2.5346743450401494e-06
philadelphia,18971,42091,PA,2.5346743450401494e-06
philadelphia,18957,42091,PA,2.5346743450401494e-06
philadelphia,19478,42091,PA,2.5346743450401494e-06
philadelphia,19104,42101,PA,0.0377203704455084
philadelphia,19143,42101,PA,0.04019161324352836
philadelphia,19103,42101,PA,0.03077071330033271
philadelphia,19144,42101,PA,0.032997240931591336
philadelphia,19121,42101,PA,0.0308176276069139
philadelphia,19124,42101,PA,0.03254077740809868
philadelphia,19134,42101,PA,0.031828187129757365
philadelphia,19111,42101,PA,0.03310501704130488
philadelphia,19147,42101,PA,0.028611387243366062
philadelphia,19146,42101,PA,0.030614754929806053
philadelphia,19148,42101,PA,0.02995161486650978
philadelphia,19120,42101,PA,0.030239440477156536
philadelphia,19139,42101,PA,0.027442333441532095
philadelphia,19140,42101,PA,0.028707751764992292
philadelphia,19130,42101,PA,0.02684512699829587
philadelphia,19131,42101,PA,0.02902347236874138
philadelphia,19145,42101,PA,0.027419510265357463
philadelphia,19132,42101,PA,0.026222561470421162
philadelphia,19123,42101,PA,0.024162135843544593
philadelphia,19149,42101,PA,0.025605067759474152
philadelphia,19122,42101,PA,0.021173567718899618
philadelphia,19125,42101,PA,0.022555637831696826
philadelphia,19107,42101,PA,0.01704510873975493
philadelphia,19115,42101,PA,0.02020865454840542
philadelphia,19141,42101,PA,0.018864623062565932
philadelphia,19114,42101,PA,0.019141037085125375
philadelphia,19151,42101,PA,0.01780334537044551
philadelphia,19152,42101,PA,0.018040452811815304
philadelphia,19119,42101,PA,0.017231498011847764
philadelphia,19106,42101,PA,0.013937352917309097
philadelphia,19136,42101,PA,0.016863791284589792
philadelphia,19135,42101,PA,0.016648239065162704
philadelphia,19154,42101,PA,0.016583573399334577
philadelphia,19133,42101,PA,0.015177412156130813
philadelphia,19142,42101,PA,0.015324494847034001
philadelphia,19150,42101,PA,0.01261234074494847
philadelphia,19102,42101,PA,0.008573906516270388
philadelphia,19129,42101,PA,0.00810729935892234
philadelphia,19126,42101,PA,0.00830129635640672
philadelphia,19153,42101,PA,0.007000375314452649
philadelphia,19127,42101,PA,0.005087032378479266
philadelphia,19137,42101,PA,0.00462422908382699
philadelphia,19101,42101,PA,0.003618741377911223
philadelphia,19160,42101,PA,0.0013719264789418162
philadelphia,19105,42101,PA,0.0012945812707944493
philadelphia,19112,42101,PA,0.00044505193540533963
philadelphia,19110,42101,PA,0.0004361762557818713
philadelphia,19109,42101,PA,2.535908463848089e-06
philadelphia,08054,34005,NJ,0.10877806386637656
philadelphia,08053,34005,NJ,0.1016712430285698
philadelphia,08016,34005,NJ,0.07339122668668231
philadelphia,08055,34005,NJ,0.06244596250866975
philadelphia,08075,34005,NJ,0.0613960912485392
philadelphia,08060,34005,NJ,0.05927734653352462
philadelphia,08046,34005,NJ,0.06225119001244644
philadelphia,08052,34005,NJ,0.04671689580146507
philadelphia,08088,34005,NJ,0.05110640278952219
philadelphia,08057,34005,NJ,0.044441382979734156
philadelphia,08077,34005,NJ,0.042317887716031205
philadelphia,08015,34005,NJ,0.04680240567785579
philadelphia,08505,34005,NJ,0.04242239978717542
philadelphia,08048,34005,NJ,0.02776695708354315
philadelphia,08010,34005,NJ,0.024660098241346875
philadelphia,08022,34005,NJ,0.019819289127894272
philadelphia,08562,34005,NJ,0.017372756553381916
philadelphia,08065,34005,NJ,0.016774187418646853
philadelphia,08036,34005,NJ,0.014717199836581126
philadelphia,08068,34005,NJ,0.013771840647594798
philadelphia,08518,34005,NJ,0.01246068920960371
philadelphia,08515,34005,NJ,0.010284937910328643
philadelphia,08640,34005,NJ,0.007363350466978936
philadelphia,08554,34005,NJ,0.007805151494997672
philadelphia,08641,34005,NJ,0.006817037367815983
philadelphia,08620,34005,NJ,0.0030213489658055506
philadelphia,08073,34005,NJ,0.002479786415330971
philadelphia,08087,34005,NJ,0.0024037776363169945
philadelphia,08215,34005,NJ,0.0018812172805959088
philadelphia,08511,34005,NJ,0.0018052085015819327
philadelphia,08019,34005,NJ,0.001695945881749342
philadelphia,08041,34005,NJ,0.00163893929748886
philadelphia,08004,34007,NJ,0.0235700235441981
philadelphia,08610,34005,NJ,0.000703081205879279
philadelphia,08501,34005,NJ,0.0006840790111257851
philadelphia,08224,34005,NJ,0.0001330153632744582
philadelphia,08533,34005,NJ,5.225603557210858e-05
philadelphia,08043,34007,NJ,0.059153183631832446
philadelphia,08091,34007,NJ,0.010536781891197397
philadelphia,08064,34005,NJ,4.750548688373507e-06
philadelphia,08021,34007,NJ,0.09427148569485513
philadelphia,08081,34007,NJ,0.0859772133483121
philadelphia,08003,34007,NJ,0.055998175001829305
philadelphia,08002,34007,NJ,0.050927779140787416
philadelphia,08012,34015,NJ,0.05651276563216633
philadelphia,08104,34007,NJ,0.04584877479780828
philadelphia,08109,34007,NJ,0.0418070925282681
philadelphia,08105,34007,NJ,0.04350726771087553
philadelphia,08034,34007,NJ,0.038931859561225676
philadelphia,08108,34007,NJ,0.038716647512794355
philadelphia,08033,34007,NJ,0.033413822639446644
philadelphia,08110,34007,NJ,0.031838470444929386
philadelphia,08009,34007,NJ,0.03096901376926686
philadelphia,08103,34007,NJ,0.02536919626908393
philadelphia,08107,34007,NJ,0.02663033887289146
philadelphia,08030,34007,NJ,0.024594432894731177
philadelphia,08031,34007,NJ,0.021392077614073145
philadelphia,08106,34007,NJ,0.01859001674349737
philadelphia,08083,34007,NJ,0.01789703394754852
philadelphia,08102,34007,NJ,0.015594265029333402
philadelphia,08078,34007,NJ,0.01546513780027461
philadelphia,08084,34007,NJ,0.014470858136521915
philadelphia,08035,34007,NJ,0.013838134714133836
philadelphia,08007,34007,NJ,0.011780707531130422
philadelphia,08059,34007,NJ,0.010446392830856242
philadelphia,08049,34007,NJ,0.009706063384252504
philadelphia,08029,34007,NJ,0.008767738853091952
philadelphia,08037,34007,NJ,0.00786384824968041
philadelphia,08089,34007,NJ,0.00683943889914733
philadelphia,08101,34007,NJ,0.00612493489835535
philadelphia,08045,34007,NJ,0.005444864825312381
philadelphia,08026,34007,NJ,0.003990031377916661
philadelphia,08099,34007,NJ,0.0037834278114225947
philadelphia,08080,34015,NJ,0.1215716251337716
philadelphia,08096,34015,NJ,0.12631096162666258
philadelphia,08094,34015,NJ,0.13255618406971412
philadelphia,08028,34015,NJ,0.07563828160831677
philadelphia,08085,34015,NJ,0.0710976914844825
philadelphia,08062,34015,NJ,0.05585537379605565
philadelphia,08051,34015,NJ,0.03657697599755389
philadelphia,08093,34015,NJ,0.03394740865311115
philadelphia,08322,34015,NJ,0.03450542730469347
philadelphia,08066,34015,NJ,0.02914691943127962
philadelphia,08071,34015,NJ,0.029934260816388933
philadelphia,08086,34015,NJ,0.029391530347041738
philadelphia,08312,34015,NJ,0.025882892524078886
philadelphia,08090,34015,NJ,0.024973245681088517
philadelphia,08344,34015,NJ,0.01866687050909647
philadelphia,08027,34015,NJ,0.016014370891301026
philadelphia,08056,34015,NJ,0.013033175355450236
philadelphia,08020,34015,NJ,0.010518269377770983
philadelphia,08097,34015,NJ,0.00950160525913469
philadelphia,08063,34015,NJ,0.009547469805840085
philadelphia,08061,34015,NJ,0.009478672985781991
philadelphia,08328,34015,NJ,0.008844213423024003
philadelphia,08343,34033,NJ,0.02226634981607474
philadelphia,08360,34015,NJ,0.0034780614584925852
philadelphia,08014,34015,NJ,0.0017352086836875096
philadelphia,08032,34015,NJ,0.001001375936401162
philadelphia,08098,34033,NJ,0.1315798040300791
philadelphia,08039,34015,NJ,3.057636447026449e-05
philadelphia,08069,34033,NJ,0.21436244669422833
philadelphia,08070,34033,NJ,0.19069631172889742
philadelphia,08318,34033,NJ,0.18802695400240893
philadelphia,08079,34033,NJ,0.1725967642175852
philadelphia,08067,34033,NJ,0.025261238972622807
philadelphia,08302,34033,NJ,0.021615286955955597
philadelphia,08347,34033,NJ,0.012467853771281618
philadelphia,08001,34033,NJ,0.012370194342263746
philadelphia,08023,34033,NJ,0.00045574400208340117
philadelphia,08038,34033,NJ,6.510628601191445e-05
philadelphia,08072,34033,NJ,3.2553143005957226e-05
philadelphia,19720,10003,DE,0.09454298816000943
philadelphia,19702,10003,DE,0.08866722696509931
philadelphia,19709,10003,DE,0.08917591896315301
philadelphia,19711,10003,DE,0.0841442915911001
philadelphia,19805,10003,DE,0.06954335677739933
philadelphia,19808,10003,DE,0.06610784270358738
philadelphia,19701,10003,DE,0.06640642278940151
philadelphia,19713,10003,DE,0.05029784285103434
philadelphia,19801,10003,DE,0.039917577151619706
philadelphia,19802,10003,DE,0.0451519440881143
philadelphia,19810,10003,DE,0.04075433862667905
philadelphia,19803,10003,DE,0.03670323351174415
philadelphia,19804,10003,DE,0.03108550448975981
philadelphia,19703,10003,DE,0.0297437371905457
philadelphia,19707,10003,DE,0.02904705032364607
philadelphia,19809,10003,DE,0.02740301676471889
philadelphia,19806,10003,DE,0.024789519470370534
philadelphia,19734,10003,DE,0.02388272069123133
philadelphia,19807,10003,DE,0.01877736984119963
philadelphia,19717,10003,DE,0.015109626811754472
philadelphia,19899,10003,DE,0.007586145884018225
philadelphia,19714,10003,DE,0.006001091107474086
philadelphia,19706,10003,DE,0.0036345674643546984
philadelphia,19715,10003,DE,0.0033802214653278484
philadelphia,19977,10003,DE,0.00281623685879005
philadelphia,19710,10003,DE,0.002185901122071335
philadelphia,19716,10003,DE,0.00016587782545229352
philadelphia,19938,10003,DE,0.0010542457350967988
philadelphia,19730,10003,DE,0.0006487666062134147
philadelphia,19733,10003,DE,0.0005602984326388582
philadelphia,19732,10003,DE,0.00037598973769186535
philadelphia,19731,10003,DE,0.0002027395644416921
philadelphia,19736,10003,DE,0.00012901608646289498
philadelphia,19735,10003,DE,7.3723477978797125e-06
philadelphia,21921,24015,MD,0.3980471771075019
philadelphia,21901,24015,MD,0.17503866976024748
philadelphia,21911,24015,MD,0.08735498839907192
philadelphia,21903,24015,MD,0.07364655839133798
philadelphia,21904,24015,MD,0.06481051817478732
philadelphia,21919,24015,MD,0.04665506573859242
philadelphia,21918,24015,MD,0.036832946635730855
philadelphia,21915,24015,MD,0.03546017014694509
philadelphia,21922,24015,MD,0.026566125290023203
philadelphia,21917,24015,MD,0.018928847641144626
philadelphia,21912,24015,MD,0.011697602474864656
philadelphia,21913,24015,MD,0.009648105181747873
philadelphia,21914,24015,MD,0.009164733178654292
philadelphia,21902,24015,MD,0.0024555297757153905
philadelphia,21920,24015,MD,0.0027068832173240526
philadelphia,21930,24015,MD,0.000986078886310905
atlanta,30680,13013,GA,0.5374257334893217
atlanta,30011,13013,GA,0.16009451058656207
atlanta,30620,13013,GA,0.13616865093019523
atlanta,30666,13013,GA,0.10490216319133806
atlanta,30548,13013,GA,0.03709311127933384
atlanta,30517,13013,GA,0.017778083637281214
atlanta,30656,13297,GA,0.1661046088739007
atlanta,30622,13013,GA,0.0003899708668822976
atlanta,30120,13015,GA,0.4040652809247036
atlanta,30121,13015,GA,0.22968180474830066
atlanta,30103,13015,GA,0.09915279282829279
atlanta,30145,13015,GA,0.0535251042590221
atlanta,30102,13057,GA,0.10277855995859939
atlanta,30184,13015,GA,0.05045479919876531
atlanta,30178,13015,GA,0.027238695695005418
atlanta,30171,13015,GA,0.026368502282205365
atlanta,30137,13015,GA,0.020753291958099367
atlanta,30101,13223,GA,0.0678661779131602
atlanta,30123,13015,GA,0.014563425606672578
atlanta,30139,13227,GA,0.026838722339433786
atlanta,30161,13015,GA,0.001740386825600105
atlanta,30104,13015,GA,0.0013627557219321577
atlanta,30183,13057,GA,0.03793027344195923
atlanta,30233,13035,GA,0.8317520556609741
atlanta,30216,13035,GA,0.09243697478991597
atlanta,30234,13035,GA,0.06397397668744917
atlanta,30248,13151,GA,0.12110917030567686
atlanta,30224,13255,GA,0.34262372523411233
atlanta,31029,13035,GA,0.00036143489653926085
atlanta,30223,13255,GA,0.5179926084419374
atlanta,30117,13045,GA,0.28770449064720066
atlanta,30180,13045,GA,0.25912468226552826
atlanta,30116,13045,GA,0.17846900866844814
atlanta,30179,13045,GA,0.11967998435768755
atlanta,30108,13045,GA,0.06615394642507984
atlanta,30112,13045,GA,0.026054226683177997
atlanta,30185,13045,GA,0.030339568532881445
atlanta,30170,13149,GA,0.09805227234892626
atlanta,30182,13143,GA,0.047250454331291644
atlanta,30110,13143,GA,0.4408023154068789
atlanta,30187,13097,GA,0.06500043266318613
atlanta,30188,13057,GA,0.23854062816307584
atlanta,30114,13057,GA,0.215473481533345
atlanta,30115,13057,GA,0.1728780279910806
atlanta,30189,13057,GA,0.1296965730332803
atlanta,30107,13057,GA,0.05663665629114377
atlanta,30169,13057,GA,0.011917898918561024
atlanta,30004,13117,GA,0.05600829616577648
atlanta,30142,13057,GA,0.006278586595027359
atlanta,30146,13057,GA,0.004223776436654769
atlanta,30028,13117,GA,0.1548281115210249
atlanta,30040,13117,GA,0.3118220362314851
atlanta,30075,13121,GA,0.030433231834184296
atlanta,30143,13227,GA,0.6881899808645306
atlanta,30534,13085,GA,0.9089792785878741
atlanta,30066,13067,GA,0.07196519806016424
atlanta,30151,13057,GA,3.0441631975890228e-05
atlanta,30236,13063,GA,0.15119705340699816
atlanta,30274,13063,GA,0.11245395948434622
atlanta,30238,13063,GA,0.12151626764886433
atlanta,30260,13063,GA,0.09815070595457336
atlanta,30297,13063,GA,0.08506752608962553
atlanta,30349,13063,GA,0.0858732351135666
atlanta,30296,13063,GA,0.08179097605893186
atlanta,30228,13151,GA,0.1120349344978166
atlanta,30273,13063,GA,0.054097605893186004
atlanta,30294,13063,GA,0.049424493554327806
atlanta,30281,13151,GA,0.23890829694323143
atlanta,30288,13063,GA,0.013842848373235114
atlanta,30237,13063,GA,0.0113182934315531
atlanta,30298,13063,GA,0.009952424800491098
atlanta,30215,13113,GA,0.24230532040141278
atlanta,30250,13063,GA,0.003982504604051565
atlanta,30287,13063,GA,0.003790669122160835
atlanta,30354,13121,GA,0.015114236081296195
atlanta,30320,13063,GA,0.0004450583179864948
atlanta,30337,13121,GA,0.013022054598175658
atlanta,30080,13067,GA,0.07875857282706517
atlanta,30062,13067,GA,0.07214575287124467
atlanta,30339,13067,GA,0.06650341502498146
atlanta,30144,13067,GA,0.06799299221639495
atlanta,30127,13067,GA,0.07269023847340907
atlanta,30067,13067,GA,0.06342269856092174
atlanta,30064,13067,GA,0.059805960001467005
atlanta,30126,13067,GA,0.0583502368371311
atlanta,30060,13067,GA,0.04593427240642888
atlanta,30152,13067,GA,0.05061177048098109
atlanta,30068,13067,GA,0.04293536984113998
atlanta,30008,13067,GA,0.036201239621624824
atlanta,30082,13067,GA,0.03561161531669032
atlanta,30168,13067,GA,0.03193845337877296
atlanta,30106,13067,GA,0.029252700563951666
atlanta,30061,13067,GA,0.005856746684421223
atlanta,30006,13067,GA,0.006178359941658227
atlanta,30081,13067,GA,0.006003447468424067
atlanta,30156,13067,GA,0.0038847496071522276
atlanta,30065,13067,GA,0.0035800633634540135
atlanta,30007,13067,GA,0.0031456033492917456
atlanta,31139,13067,GA,0.0028268112609778737
atlanta,30160,13067,GA,0.0018365809689586783
atlanta,30111,13067,GA,0.0017829787594191777
atlanta,30157,13223,GA,0.29043832928907015
atlanta,30122,13097,GA,0.18911707865816724
atlanta,30141,13223,GA,0.15377665341525118
atlanta,30263,13077,GA,0.38474449569105346
atlanta,30265,13077,GA,0.22688613379596329
atlanta,30277,13077,GA,0.13689896895583858
atlanta,30276,13077,GA,0.13510768840181103
atlanta,30220,13199,GA,0.05591152462038094
atlanta,30271,13077,GA,0.02451374490472362
atlanta,30268,13077,GA,0.02323022891719206
atlanta,30259,13077,GA,0.023244333488483617
atlanta,30264,13077,GA,0.016558766696286267
atlanta,30230,13149,GA,0.08773098052272349
atlanta,30217,13149,GA,0.7965706675545198
atlanta,30148,13227,GA,0.015210244835876552
atlanta,30536,13085,GA,0.002865182911230494
atlanta,30533,13187,GA,0.83074569356301
atlanta,30058,13089,GA,0.06909559586306624
atlanta,30083,13089,GA,0.06469460249599195
atlanta,30032,13089,GA,0.06132574685905295
atlanta,30341,13089,GA,0.04709586830551277
atlanta,30319,13089,GA,0.05340133915941027
atlanta,30034,13089,GA,0.051879328953297076
atlanta,30038,13089,GA,0.048581203566900336
atlanta,30033,13089,GA,0.04616065721500948
atlanta,30030,13089,GA,0.04300923160751522
atlanta,30329,13089,GA,0.04197447423847097
atlanta,30338,13089,GA,0.03977135791602485
atlanta,30084,13089,GA,0.031736925382205315
atlanta,30316,13089,GA,0.037091467312145694
atlanta,30340,13089,GA,0.02892081355505957
atlanta,30345,13089,GA,0.03002892081355506
atlanta,30021,13089,GA,0.028475474940534196
atlanta,30088,13089,GA,0.029028218750327454
atlanta,30035,13089,GA,0.02529261366613226
atlanta,30087,13089,GA,0.02654218142571228
atlanta,30317,13089,GA,0.021536051470665285
atlanta,30307,13089,GA,0.020399128184171094
atlanta,30360,13089,GA,0.01679712468433351
atlanta,30346,13089,GA,0.012364695650351556
atlanta,30306,13121,GA,0.014645270381843762
atlanta,30002,13089,GA,0.00937044837739566
atlanta,30037,13089,GA,0.008935588318506178
atlanta,30031,13089,GA,0.007602192113839028
atlanta,30324,13121,GA,0.030801468985514904
atlanta,30079,13089,GA,0.0066748399400626615
atlanta,30085,13089,GA,0.0046760554525164255
atlanta,30036,13089,GA,0.004301447088533317
atlanta,30086,13089,GA,0.00423857575471797
atlanta,30362,13089,GA,0.004175704420902622
atlanta,30366,13089,GA,0.0034867393878427796
atlanta,30356,13089,GA,0.0031068917460417254
atlanta,30072,13089,GA,0.0034657822765709976
atlanta,30359,13089,GA,0.0034238680540274328
atlanta,31119,13089,GA,0.002881602799870066
atlanta,30074,13089,GA,0.0021952574057191956
atlanta,31145,13089,GA,0.00230266260098708
atlanta,31146,13089,GA,0.0021481039053576857
atlanta,31141,13089,GA,0.001972588098456509
atlanta,30333,13089,GA,0.0015298691228401078
atlanta,31107,13089,GA,0.0012390892039441284
atlanta,30039,13135,GA,0.04429102443862845
atlanta,30012,13247,GA,0.30728735632183907
atlanta,30094,13247,GA,0.3116781609195402
atlanta,30350,13121,GA,0.03162546153490492
atlanta,30093,13135,GA,0.04905157301881141
atlanta,30328,13121,GA,0.03634814428291182
atlanta,30135,13097,GA,0.4337592662032363
atlanta,30134,13097,GA,0.1962992875479535
atlanta,30133,13097,GA,0.018532406472641264
atlanta,30154,13097,GA,0.013354870345265222
atlanta,30269,13113,GA,0.3361551830464764
atlanta,30214,13113,GA,0.3084786305619405
atlanta,30290,13113,GA,0.07981536506512679
atlanta,30205,13113,GA,0.020238829399562706
atlanta,30213,13121,GA,0.03884158867084553
atlanta,30041,13117,GA,0.2759668153368941
atlanta,30024,13117,GA,0.08442082851531671
atlanta,30506,13117,GA,0.05470513738230274
atlanta,30005,13117,GA,0.035240350200980125
atlanta,30097,13135,GA,0.02644449136521436
atlanta,30318,13121,GA,0.06539594575850248
atlanta,30331,13121,GA,0.05118991789797684
atlanta,30309,13121,GA,0.04661750232831562
atlanta,30022,13121,GA,0.04222507711513438
atlanta,30305,13121,GA,0.034630805101818395
atlanta,30076,13121,GA,0.03378369452499059
atlanta,30308,13121,GA,0.0315660151786363
atlanta,30315,13121,GA,0.03287053244119765
atlanta,30312,13121,GA,0.03140584027424586
atlanta,30344,13121,GA,0.02911880684557818
atlanta,30310,13121,GA,0.029008170571411588
atlanta,30311,13121,GA,0.03003362021704525
atlanta,30342,13121,GA,0.027413026678203663
atlanta,30009,13121,GA,0.019658579760497237
atlanta,30291,13121,GA,0.022057900751005634
atlanta,30314,13121,GA,0.018978249238756382
atlanta,30327,13121,GA,0.018012245949391336
atlanta,30303,13121,GA,0.003903644061639266
atlanta,30326,13121,GA,0.01278757174844944
atlanta,30313,13121,GA,0.00789645765768146
atlanta,30336,13121,GA,0.0028237019227593677
atlanta,30363,13121,GA,0.004846529323566517
atlanta,30301,13121,GA,0.003966392993256141
atlanta,30355,13121,GA,0.003220010964550156
atlanta,30321,13121,GA,0.0027642555664907495
atlanta,30023,13121,GA,0.0026998553471997465
atlanta,30358,13121,GA,0.00286003025159019
atlanta,30077,13121,GA,0.0022952898670383164
atlanta,31131,13121,GA,0.0023662952370258326
atlanta,31150,13121,GA,0.0023993209905083983
atlanta,30364,13121,GA,0.002258961538207494
atlanta,30357,13121,GA,0.0020872276200981526
atlanta,30377,13121,GA,0.0020608070173121
atlanta,30302,13121,GA,0.00201291967476238
atlanta,30272,13121,GA,0.00200301194871761
atlanta,30334,13121,GA,9.90772604476971e-06
atlanta,30325,13121,GA,0.0013524046051110656
atlanta,31156,13121,GA,0.0015852361671631538
atlanta,30343,13121,GA,0.0013358917283697827
atlanta,31126,13121,GA,0.001210393865136033
atlanta,31106,13121,GA,0.0008256438370641426
atlanta,30092,13135,GA,0.04131046436831277
atlanta,30332,13121,GA,1.6512876741282852e-05
atlanta,30304,13121,GA,1.6512876741282852e-06
atlanta,30096,13135,GA,0.08359808104962853
atlanta,30043,13135,GA,0.08648289001389618
atlanta,30044,13135,GA,0.08253008794370817
atlanta,30047,13135,GA,0.057629890058089
atlanta,30518,13135,GA,0.05600212125527245
atlanta,30519,13135,GA,0.056171527058280504
atlanta,30019,13135,GA,0.05042155038226788
atlanta,30046,13135,GA,0.04342680932763082
atlanta,30052,13297,GA,0.3452798166148692
atlanta,30078,13135,GA,0.039319332393826754
atlanta,30045,13135,GA,0.03902225844942132
atlanta,30071,13135,GA,0.024878101476531158
atlanta,30017,13135,GA,0.02555081437543272
atlanta,30048,13135,GA,0.005858003564887333
atlanta,30010,13135,GA,0.005290862398295139
atlanta,30042,13135,GA,0.0038816025297933247
atlanta,30091,13135,GA,0.003979808792406692
atlanta,30049,13135,GA,0.003665548752043918
atlanta,30515,13135,GA,0.002865167711744978
atlanta,30095,13135,GA,0.002793968171350287
atlanta,30003,13135,GA,0.002752230509739606
atlanta,30176,13143,GA,0.2442619640573467
atlanta,30113,13143,GA,0.18866527562765026
atlanta,30153,13223,GA,0.032035727192937166
atlanta,30240,13149,GA,0.000998834692858332
atlanta,30253,13151,GA,0.29934497816593886
atlanta,30252,13151,GA,0.17456768558951966
atlanta,31064,13159,GA,0.6777065060871842
atlanta,30055,13159,GA,0.13103809399136013
atlanta,30056,13159,GA,0.07893703364314701
atlanta,31085,13159,GA,0.05877732687524545
atlanta,31038,13159,GA,0.033250425448357115
atlanta,30014,13217,GA,0.3490890371922858
atlanta,31024,13159,GA,0.0002618143736091111
atlanta,30564,13187,GA,0.04340435176790571
atlanta,30528,13187,GA,0.015185856754306438
atlanta,30512,13187,GA,0.00028331822302810517
atlanta,31816,13199,GA,0.23768980953216887
atlanta,30222,13199,GA,0.20284385148775563
atlanta,30251,13199,GA,0.1195470903186167
atlanta,30293,13199,GA,0.11761608004915299
atlanta,31830,13199,GA,0.08794874045466515
atlanta,30218,13199,GA,0.0856666374089353
atlanta,31822,13199,GA,0.028526288071622927
atlanta,30241,13199,GA,0.00026331958219959624
atlanta,30650,13211,GA,0.6392493511678978
atlanta,30663,13211,GA,0.14214414054701538
atlanta,30625,13211,GA,0.14364144539828308
atlanta,30621,13211,GA,0.032241964463964864
atlanta,30641,13297,GA,0.021578610945799995
atlanta,30025,13297,GA,0.07820317838171438
atlanta,30642,13211,GA,9.982032341784787e-05
atlanta,30016,13217,GA,0.4457191182688949
atlanta,30054,13217,GA,0.09594984648759951
atlanta,30015,13217,GA,0.027264537716250252
atlanta,30013,13247,GA,0.33839080459770116
atlanta,30070,13217,GA,0.01566378026584303
atlanta,30132,13223,GA,0.3024549537921421
atlanta,30175,13227,GA,0.15249497080614297
atlanta,30177,13227,GA,0.04504195083656347
atlanta,30734,13227,GA,0.015848093812864922
atlanta,30540,13227,GA,9.813061184436484e-05
atlanta,30292,13231,GA,0.28919246447064006
atlanta,30295,13231,GA,0.21317615952407182
atlanta,30206,13231,GA,0.14718519334581912
atlanta,30258,13231,GA,0.10168557893577174
atlanta,30256,13231,GA,0.10014321912526165
atlanta,30257,13231,GA,0.021372700231353972
atlanta,30285,13231,GA,0.010245675884102677
atlanta,30212,13255,GA,0.028927112568427487
atlanta,30266,13255,GA,0.01920137827548837
atlanta,30284,13255,GA,0.01578347736682691
atlanta,30655,13297,GA,0.32004231964557295
dallas,75071,48085,TX,0.0744482484563184
dallas,75035,48085,TX,0.06025113271246425
dallas,75070,48085,TX,0.054127352883237216
dallas,75407,48085,TX,0.05051863626174319
dallas,75098,48085,TX,0.045823059104834495
dallas,75009,48085,TX,0.047120498868985755
dallas,75013,48085,TX,0.041788089367107525
dallas,75074,48085,TX,0.039402090847955006
dallas,75002,48085,TX,0.04377840272258564
dallas,75024,48085,TX,0.03713666591945005
dallas,75034,48085,TX,0.03396778817088165
dallas,75093,48085,TX,0.033932125559563354
dallas,75069,48085,TX,0.03538240508650731
dallas,75023,48085,TX,0.03420893535217678
dallas,75075,48085,TX,0.031989362352509626
dallas,75025,48085,TX,0.03490011072391704
dallas,75078,48085,TX,0.03215239143282183
dallas,75072,48085,TX,0.03491539470019631
dallas,75409,48085,TX,0.03176180092790718
dallas,75252,48085,TX,0.02469381100853865
dallas,75287,48121,TX,0.031277487188801655
dallas,75454,48085,TX,0.023703748989559344
dallas,75082,48085,TX,0.02019862376284703
dallas,75094,48085,TX,0.014657333251818793
dallas,75166,48085,TX,0.014144470936669996
dallas,75033,48121,TX,0.03343258483145953
dallas,75080,48085,TX,0.012441156691324815
dallas,75442,48085,TX,0.012276429391426029
dallas,75173,48085,TX,0.008667712769932003
dallas,75048,48085,TX,0.00689137508236365
dallas,75189,48397,TX,0.2834450447985774
dallas,75086,48085,TX,0.0052441020833757885
dallas,75370,48085,TX,0.0033437943659866995
dallas,75424,48085,TX,0.003798917215191593
dallas,75379,48085,TX,0.0030279255228818107
dallas,75026,48085,TX,0.0027816836828269244
dallas,75007,48121,TX,0.041371344140114
dallas,75495,48085,TX,0.0008474115737061265
dallas,75087,48397,TX,0.35684973668011766
dallas,75248,48113,TX,0.015105856558965647
dallas,75044,48113,TX,0.015832940766712704
dallas,75452,48231,TX,0.0039028481114730834
dallas,75491,48085,TX,4.415370925122102e-05
dallas,75058,48085,TX,1.3585756692683391e-05
dallas,75243,48113,TX,0.02512693879090551
dallas,75206,48113,TX,0.02434046801431377
dallas,75204,48113,TX,0.022514732282940084
dallas,75228,48113,TX,0.022357438127621736
dallas,75219,48113,TX,0.020122416583940105
dallas,75043,48113,TX,0.021282059718812623
dallas,75217,48113,TX,0.021643996780284943
dallas,75150,48113,TX,0.019982777895035043
dallas,75231,48113,TX,0.019179454173230623
dallas,75211,48113,TX,0.020063030015095424
dallas,75006,48113,TX,0.017214079752951875
dallas,75040,48113,TX,0.019192294512440283
dallas,75061,48113,TX,0.0169043065695188
dallas,75063,48113,TX,0.01686819311549163
dallas,75115,48113,TX,0.01848286577110651
dallas,75062,48113,TX,0.01549347429885729
dallas,75019,48113,TX,0.016758247711008905
dallas,75052,48113,TX,0.018337609433797218
dallas,75149,48113,TX,0.016832079661464456
dallas,75216,48113,TX,0.01692356707833329
dallas,75201,48113,TX,0.013496801551754993
dallas,75234,48113,TX,0.014682927886247435
dallas,75214,48113,TX,0.015918810535177314
dallas,75227,48113,TX,0.016165987064963288
dallas,75220,48113,TX,0.014290495019152168
dallas,75081,48113,TX,0.013691011682301118
dallas,75104,48113,TX,0.015698919726211867
dallas,75208,48113,TX,0.014580205172570146
dallas,75038,48113,TX,0.012975965292563117
dallas,75039,48113,TX,0.013455070449323595
dallas,75229,48113,TX,0.011325179182921065
dallas,75060,48113,TX,0.01300806614058727
dallas,75001,48113,TX,0.011357280030945218
dallas,75230,48113,TX,0.011706376753207877
dallas,75238,48113,TX,0.011602851518329986
dallas,75254,48113,TX,0.011297893462100535
dallas,75042,48113,TX,0.010669519362027747
dallas,75240,48113,TX,0.010590069763167969
dallas,75235,48113,TX,0.010832431165750321
dallas,75241,48113,TX,0.011774591055259203
dallas,75051,48113,TX,0.010489754613092492
dallas,75205,48113,TX,0.010285914228139122
dallas,75225,48113,TX,0.009345359381031449
dallas,75218,48113,TX,0.01024338060450712
dallas,75041,48113,TX,0.009018733252385695
dallas,75050,48113,TX,0.009410363598280357
dallas,75224,48113,TX,0.009897493967046875
dallas,75088,48397,TX,0.027323712468367418
dallas,75212,48113,TX,0.009350174508235071
dallas,75181,48113,TX,0.009870208246226345
dallas,75089,48397,TX,0.01689350933588674
dallas,75232,48113,TX,0.008894342466292103
dallas,75215,48113,TX,0.008280413747830184
dallas,75237,48113,TX,0.007841434651099896
dallas,75203,48113,TX,0.007728279161814757
dallas,75180,48113,TX,0.007988296030810395
dallas,75146,48113,TX,0.00796020778878926
dallas,75244,48113,TX,0.006172190553843956
dallas,75253,48113,TX,0.007668090071769471
dallas,75236,48113,TX,0.0069345856944175825
dallas,75159,48257,TX,0.012511959179334538
dallas,75209,48113,TX,0.006718707491455155
dallas,75116,48113,TX,0.005709135821095554
dallas,75137,48113,TX,0.005884085442827186
dallas,75134,48113,TX,0.006031749343738288
dallas,75207,48113,TX,0.00295408053942265
dallas,75233,48113,TX,0.0046217195942773815
dallas,75223,48113,TX,0.0042886732960267975
dallas,75226,48113,TX,0.00356158908827974
dallas,75249,48113,TX,0.0039307488405574955
dallas,75210,48113,TX,0.0032421856504394205
dallas,75202,48113,TX,0.00226230726450216
dallas,75154,48139,TX,0.17752847641617614
dallas,75251,48113,TX,0.002713324179241505
dallas,75083,48113,TX,0.002740609900062035
dallas,75172,48113,TX,0.0028802485889670992
dallas,75247,48113,TX,0.000578617785635352
dallas,75054,48439,TX,0.004830342412312311
dallas,75182,48113,TX,0.002572080447935233
dallas,75141,48113,TX,0.002613009029166028
dallas,75106,48113,TX,0.001784004628942285
dallas,75382,48113,TX,0.001999882831904712
dallas,75315,48113,TX,0.0020279710739258454
dallas,75049,48113,TX,0.0018313533797779103
dallas,75356,48113,TX,0.0010890212692193796
dallas,75123,48113,TX,0.0017214079752951874
dallas,75246,48113,TX,0.0013955843678500376
dallas,75016,48113,TX,0.0017254205812982065
dallas,75011,48121,TX,0.0025448927655249685
dallas,75138,48113,TX,0.0016186852616178987
dallas,75222,48113,TX,0.0009814834283384682
dallas,75045,48113,TX,0.0015304079295514789
dallas,75185,48113,TX,0.0013554583078198468
dallas,75030,48113,TX,0.001302491908579995
dallas,75380,48113,TX,0.001310517120586033
dallas,75381,48113,TX,0.001315332247789656
dallas,75053,48113,TX,0.0014164499190657369
dallas,75313,48113,TX,0.0013747188166343385
dallas,75374,48113,TX,0.0013522482230174315
dallas,75014,48113,TX,0.0012126095341123673
dallas,75354,48113,TX,0.0012126095341123673
dallas,75046,48113,TX,0.0011419876684592315
dallas,75357,48113,TX,0.001174891037683988
dallas,75187,48113,TX,0.0011973616313008949
dallas,75015,48113,TX,0.001109084299234475
dallas,75085,48113,TX,0.0010015464583535635
dallas,75376,48113,TX,0.000889996011469633
dallas,75360,48113,TX,0.0008169665822146857
dallas,75017,48113,TX,0.0007479497589627574
dallas,75339,48113,TX,0.000806533806606836
dallas,75355,48113,TX,0.0006452270452854688
dallas,75336,48113,TX,0.0006307816636746002
dallas,75367,48113,TX,0.0003844076550892283
dallas,75047,48113,TX,0.0004614496903471947
dallas,75372,48113,TX,0.0004413866603320993
dallas,75342,48113,TX,0.00025760930539382525
dallas,75125,48139,TX,0.041491476186835866
dallas,75067,48121,TX,0.0614835479927592
dallas,75371,48113,TX,9.710506527306186e-05
dallas,75242,48113,TX,8.025212006038169e-07
dallas,75221,48113,TX,6.660925965011681e-05
dallas,75378,48113,TX,3.210084802415268e-05
dallas,75250,48113,TX,2.2470593616906874e-05
dallas,76065,48139,TX,0.23816986468924395
dallas,76227,48121,TX,0.08402635912987932
dallas,75056,48121,TX,0.0728427084842684
dallas,75068,48121,TX,0.06568353942134812
dallas,76226,48121,TX,0.04409991000018367
dallas,76201,48121,TX,0.03640604815092214
dallas,75028,48121,TX,0.038183595543682565
dallas,76210,48121,TX,0.03915094050828468
dallas,75077,48121,TX,0.0345713580176367
dallas,76262,48121,TX,0.03206728149534389
dallas,76247,48121,TX,0.03451013365278846
dallas,75010,48121,TX,0.032920340978895964
dallas,76208,48121,TX,0.032122383423707296
dallas,76207,48121,TX,0.028442799096328374
dallas,75036,48121,TX,0.02807953453156218
dallas,76209,48121,TX,0.026244844398276738
dallas,76205,48121,TX,0.02158158860900284
dallas,75057,48121,TX,0.018326493211238346
dallas,76266,48121,TX,0.021030569325368724
dallas,75022,48121,TX,0.01987546964189869
dallas,75065,48121,TX,0.015361193140422162
dallas,76249,48121,TX,0.012653035401968568
dallas,76258,48121,TX,0.011361201303670809
dallas,76259,48121,TX,0.007993861237017884
dallas,76052,48439,TX,0.016800975201065733
dallas,76177,48439,TX,0.010474675942194719
dallas,75029,48121,TX,0.00471019446899088
dallas,76202,48121,TX,0.003214279154532338
dallas,75027,48121,TX,0.0021469343940114407
dallas,76206,48121,TX,0.0027999942857259473
dallas,76078,48497,TX,0.12227670105000231
dallas,76092,48439,TX,0.011270798962062057
dallas,76234,48497,TX,0.26823627364817987
dallas,76272,48121,TX,9.387735943396033e-05
dallas,75165,48139,TX,0.2518920571821726
dallas,75119,48139,TX,0.14026068343398823
dallas,75167,48139,TX,0.06151097010931886
dallas,75152,48139,TX,0.025332543383533367
dallas,76084,48251,TX,0.05962062247380512
dallas,76651,48139,TX,0.015423132788013149
dallas,75168,48139,TX,0.008103356012537267
dallas,76063,48251,TX,0.04062266766179763
dallas,76064,48139,TX,0.004997706597354943
dallas,76670,48139,TX,0.004605916978824249
dallas,76050,48251,TX,0.03222867334179841
dallas,76041,48139,TX,0.0011275896338200444
dallas,76626,48139,TX,0.00028667533063221466
dallas,76641,48139,TX,0.00010511428789847871
dallas,76055,48139,TX,3.822337741762862e-05
dallas,75402,48231,TX,0.1905138212431055
dallas,75401,48231,TX,0.18249846789020419
dallas,75474,48231,TX,0.14421185046608392
dallas,75135,48231,TX,0.09847434119278779
dallas,75428,48231,TX,0.08766893526432926
dallas,75496,48231,TX,0.030755088217269296
dallas,75453,48231,TX,0.028158565300132245
dallas,75423,48231,TX,0.028206947714737283
dallas,75422,48231,TX,0.025384640196110055
dallas,75403,48231,TX,0.018353062606844498
dallas,75169,48231,TX,0.019578750443505467
dallas,75404,48231,TX,0.011692416862884237
dallas,75160,48257,TX,0.1353672796853407
dallas,75449,48231,TX,0.0024513756733219364
dallas,75433,48231,TX,0.0005322065606554204
dallas,75469,48231,TX,0.0002741670160952166
dallas,75448,48231,TX,0.00012901977228010192
dallas,75126,48257,TX,0.4712660784522164
dallas,75142,48257,TX,0.11630700542149464
dallas,75114,48257,TX,0.11296906558945466
dallas,75143,48257,TX,0.04158605293930052
dallas,75161,48257,TX,0.040565536302753266
dallas,75158,48257,TX,0.03115764855958329
dallas,75147,48257,TX,0.028914638035505473
dallas,75156,48257,TX,0.0005846709896885298
dallas,75157,48257,TX,0.00039332412033592007
dallas,75032,48397,TX,0.29177210861090214
dallas,76048,48221,TX,0.45098850798597584
dallas,76049,48221,TX,0.43776782236073236
dallas,76476,48221,TX,0.052347097779509154
dallas,76035,48221,TX,0.026903973509933773
dallas,76462,48221,TX,0.020987534086482275
dallas,76087,48367,TX,0.21738980676716765
dallas,76033,48251,TX,0.16394459576035436
dallas,76433,48425,TX,0.016763678696158323
dallas,76044,48251,TX,0.055569017825121886
dallas,76028,48251,TX,0.24759375393771385
dallas,76009,48251,TX,0.11891168858862643
dallas,76058,48251,TX,0.10971318903934321
dallas,76031,48251,TX,0.08813694035999185
dallas,76059,48251,TX,0.02898157392239917
dallas,76097,48251,TX,0.01839699909856643
dallas,76036,48439,TX,0.018875659878774882
dallas,76093,48251,TX,0.012222663784663999
dallas,76061,48251,TX,0.006959454875010904
dallas,76070,48425,TX,0.10128055878928988
dallas,76086,48367,TX,0.13925852784826112
dallas,76008,48367,TX,0.14527480854679264
dallas,76082,48367,TX,0.11908561718543692
dallas,76088,48367,TX,0.09366568308896978
dallas,76020,48367,TX,0.08746569916300218
dallas,76085,48367,TX,0.07516906437649977
dallas,76487,48367,TX,0.026487709105939356
dallas,76098,48367,TX,0.023628827628965406
dallas,76066,48367,TX,0.022744755846929286
dallas,76108,48439,TX,0.02295057882709836
dallas,76126,48439,TX,0.014347089783220269
dallas,76067,48367,TX,0.0026062895392493426
dallas,76023,48497,TX,0.094569591562977
dallas,76486,48367,TX,0.001779625015786996
dallas,76490,48367,TX,0.0007922201683180822
dallas,76043,48425,TX,0.7150174621653085
dallas,76077,48425,TX,0.05564610011641444
dallas,76690,48425,TX,0.05052386495925495
dallas,76179,48439,TX,0.03336073108314423
dallas,76116,48439,TX,0.02814820991441181
dallas,76244,48439,TX,0.030475033304148774
dallas,76051,48439,TX,0.02431053959669718
dallas,76137,48439,TX,0.025903778308526457
dallas,76010,48439,TX,0.021905295111487002
dallas,76107,48439,TX,0.020274334860063015
dallas,76112,48439,TX,0.020557246407023354
dallas,76131,48439,TX,0.02246714751702929
dallas,76180,48439,TX,0.019252875274722
dallas,76133,48439,TX,0.019956679789791758
dallas,76039,48439,TX,0.020184001699454626
dallas,76119,48439,TX,0.01908610636282959
dallas,76017,48439,TX,0.018869703846207297
dallas,76021,48439,TX,0.01675531228471424
dallas,76123,48439,TX,0.018791282750734082
dallas,76013,48439,TX,0.015487670019913002
dallas,76011,48439,TX,0.01322537031632489
dallas,76006,48439,TX,0.015284172240520477
dallas,76053,48439,TX,0.014845411174708303
dallas,76040,48439,TX,0.014860301256127268
dallas,76248,48439,TX,0.015451933824507486
dallas,76132,48439,TX,0.0143331923738959
dallas,76140,48439,TX,0.015115417984438871
dallas,76109,48439,TX,0.014387789339098773
dallas,76117,48439,TX,0.013450706881798563
dallas,76182,48439,TX,0.014411613469369117
dallas,76104,48439,TX,0.012498734343079389
dallas,76110,48439,TX,0.013287908658284544
dallas,76114,48439,TX,0.013684977496123615
dallas,76012,48439,TX,0.012423291263889965
dallas,76106,48439,TX,0.01221979348449744
dallas,76014,48439,TX,0.01325117979078443
dallas,76001,48439,TX,0.012779660545850531
dallas,76002,48439,TX,0.012682378680579958
dallas,76016,48439,TX,0.012270419761321922
dallas,76034,48439,TX,0.010490558695708281
dallas,76102,48439,TX,0.0087712506278651
dallas,76015,48439,TX,0.009243762544893595
dallas,76111,48439,TX,0.009461157733610488
dallas,76105,48439,TX,0.010109372611382773
dallas,76135,48439,TX,0.010070658399693462
dallas,76134,48439,TX,0.010318826423342883
dallas,76120,48439,TX,0.010163969576585644
dallas,76148,48439,TX,0.00935692716367773
dallas,76018,48439,TX,0.009171297481987965
dallas,76115,48439,TX,0.008241163729349939
dallas,76164,48439,TX,0.007037052478602953
dallas,76118,48439,TX,0.006629064247723307
dallas,76022,48439,TX,0.006406705698533426
dallas,76054,48439,TX,0.005740622723058383
dallas,76103,48439,TX,0.0059768786815726305
dallas,76155,48439,TX,0.005344546557313909
dallas,76060,48439,TX,0.004999096668393916
dallas,76005,48439,TX,0.005609590006571489
dallas,76003,48439,TX,0.0033105614354832624
dallas,76099,48439,TX,0.002210680754669033
dallas,76161,48439,TX,0.0023248380455477666
dallas,76096,48439,TX,0.0020607872683847837
dallas,76162,48439,TX,0.0018662235378436383
dallas,76095,48439,TX,0.0016766231677754814
dallas,76121,48439,TX,0.0016389016281807695
dallas,76124,48439,TX,0.0015297076977750248
dallas,76004,48439,TX,0.0015376490745318062
dallas,76147,48439,TX,0.0010155035527734265
dallas,76007,48439,TX,0.001290473722976984
dallas,75261,48439,TX,0.0008487346408810163
dallas,76094,48439,TX,0.0010899539598682526
dallas,76163,48439,TX,0.001020466913246415
dallas,76101,48439,TX,0.0007663428570294089
dallas,76185,48439,TX,0.0006829584010832038
dallas,76136,48439,TX,0.0008318592152728558
dallas,76113,48439,TX,0.0006700536638534339
dallas,76127,48439,TX,0.0006879217615561922
dallas,76071,48497,TX,0.06697812109718303
dallas,76426,48497,TX,0.16462371062491327
dallas,76073,48497,TX,0.0772006105740321
dallas,76225,48497,TX,0.0656829640593922
dallas,76431,48497,TX,0.046625653360469956
dallas,76270,48497,TX,0.012650908922706879
dallas,76458,48497,TX,0.0029141033350293722
baltimore,21061,24003,MD,0.08462412645467896
baltimore,21401,24003,MD,0.07638863265712746
baltimore,21122,24003,MD,0.09200729092103224
baltimore,21060,24003,MD,0.06980614119886946
baltimore,21113,24003,MD,0.06463681915121282
baltimore,21403,24003,MD,0.060615005423913924
baltimore,21144,24003,MD,0.05454169772195615
baltimore,21146,24003,MD,0.043195755326135885
baltimore,21114,24003,MD,0.0402218270103534
baltimore,21076,24003,MD,0.035572757931090465
baltimore,21037,24003,MD,0.03757628532001092
baltimore,20724,24003,MD,0.034122691146844165
baltimore,21108,24003,MD,0.03147345971913719
baltimore,21012,24003,MD,0.031919917940241016
baltimore,21409,24003,MD,0.030016013460161906
baltimore,21225,24003,MD,0.025927784460302115
baltimore,20755,24003,MD,0.018330615226808157
baltimore,21054,24003,MD,0.023234276184221206
baltimore,21090,24003,MD,0.018810281084192425
baltimore,21412,24003,MD,0.01734545535048815
baltimore,21032,24003,MD,0.016197947030130395
baltimore,20711,24003,MD,0.013080118957132632
baltimore,21035,24003,MD,0.012109718030270606
baltimore,20794,24027,MD,0.02281216367358136
baltimore,21226,24003,MD,0.0064791788120521585
baltimore,20764,24003,MD,0.007615617920316432
baltimore,21140,24003,MD,0.0066821143670993495
baltimore,21123,24003,MD,0.006261484307546989
baltimore,20776,24003,MD,0.005014353078347883
baltimore,20751,24003,MD,0.004287474817542487
baltimore,20733,24003,MD,0.004685966452907882
baltimore,21404,24003,MD,0.0035052504962696756
baltimore,21402,24003,MD,0.0020293555504719172
baltimore,20778,24003,MD,0.002948100154231022
baltimore,20779,24003,MD,0.002283947428622031
baltimore,20714,24003,MD,0.0017600047228638266
baltimore,20758,24003,MD,0.0012950978149375326
baltimore,21405,24003,MD,0.0012729593907505664
baltimore,20754,24003,MD,0.001184405694002701
baltimore,21056,24003,MD,0.000793293533366295
baltimore,21077,24003,MD,0.0005608400794031481
baltimore,21240,24003,MD,0.00020662529241168614
baltimore,20765,24003,MD,0.0004169403221878667
baltimore,20736,24003,MD,0.00018079713086022536
baltimore,21117,24005,MD,0.07357451352758913
baltimore,21234,24005,MD,0.06887418263691983
baltimore,21222,24005,MD,0.06431588748665128
baltimore,21228,24005,MD,0.054278695164998184
baltimore,21221,24005,MD,0.05240855791638829
baltimore,21220,24005,MD,0.051716791254806854
baltimore,21236,24005,MD,0.048586744383012526
baltimore,21093,24005,MD,0.044612373943280395
baltimore,21244,24005,MD,0.04221091781391214
baltimore,21208,24005,MD,0.039314966884630154
baltimore,21030,24005,MD,0.03733961797646415
baltimore,21237,24005,MD,0.03842592836138101
baltimore,21227,24005,MD,0.03701872241481801
baltimore,21207,24005,MD,0.037618428874287846
baltimore,21136,24005,MD,0.03801560288911217
baltimore,21204,24005,MD,0.028712261892862967
baltimore,21133,24005,MD,0.03367825222391145
baltimore,21286,24005,MD,0.02925936252255475
baltimore,21209,24510,MD,0.020013091292513382
baltimore,21128,24005,MD,0.0166287027928435
baltimore,21212,24510,MD,0.030962980075763633
baltimore,21219,24005,MD,0.011218193200170442
baltimore,21206,24510,MD,0.05352324592970391
baltimore,21224,24510,MD,0.07053896436621261
baltimore,21229,24510,MD,0.05271466609799514
baltimore,21152,24005,MD,0.008232812360265764
baltimore,21131,24005,MD,0.008061843413487082
baltimore,21162,24005,MD,0.0067624794179690995
baltimore,21120,24005,MD,0.007291168007238562
baltimore,21239,24510,MD,0.03523097838159637
baltimore,21111,24005,MD,0.005699841656452368
baltimore,21087,24005,MD,0.00519482569058303
baltimore,21057,24005,MD,0.004634573603446734
baltimore,21094,24005,MD,0.0036008690483079336
baltimore,21215,24510,MD,0.0811127006270196
baltimore,21053,24005,MD,0.0034009668951513207
baltimore,21282,24005,MD,0.0027854786867480656
baltimore,21284,24005,MD,0.002740763731436718
baltimore,21013,24025,MD,0.004706565950029053
baltimore,21161,24025,MD,0.010151905038598821
baltimore,21285,24005,MD,0.0022830930123676307
baltimore,21155,24005,MD,0.002514558663391077
baltimore,21163,24027,MD,0.013857527732641161
baltimore,21153,24005,MD,0.001735992382675848
baltimore,21210,24510,MD,0.019009030622369524
baltimore,21022,24005,MD,0.0011362859232060096
baltimore,21074,24013,MD,0.08509238371468471
baltimore,21031,24005,MD,2.6302914889028004e-06
baltimore,21043,24027,MD,0.1400735785482657
baltimore,21139,24005,MD,0.0011652191295839405
baltimore,21071,24005,MD,0.001225715833828705
baltimore,21082,24005,MD,0.0009653169764273277
baltimore,21102,24013,MD,0.06891180577935331
baltimore,21052,24005,MD,0.0005181674233138517
baltimore,21156,24005,MD,0.00036561051695748923
baltimore,21051,24005,MD,0.00029985322973491923
baltimore,21104,24013,MD,0.011386829949511226
baltimore,21252,24005,MD,0.00016307807231197362
baltimore,21085,24025,MD,0.0684485764090645
baltimore,21023,24005,MD,1.0521165955611202e-05
baltimore,21020,24005,MD,5.260582977805601e-06
baltimore,21218,24510,MD,0.0744574666275705
baltimore,21217,24510,MD,0.06510992835331088
baltimore,21230,24510,MD,0.06536464580945357
baltimore,21202,24510,MD,0.04751369106326767
baltimore,21201,24510,MD,0.047949080203418544
baltimore,21213,24510,MD,0.04915158354288287
baltimore,21223,24510,MD,0.04418755497898581
baltimore,21216,24510,MD,0.04623714195166884
baltimore,21231,24510,MD,0.03723317606011332
baltimore,21211,24510,MD,0.03128581964227006
baltimore,21214,24510,MD,0.026730523740555463
baltimore,21205,24510,MD,0.025510249415778858
baltimore,21203,24510,MD,0.0094541641861333
baltimore,21270,24510,MD,0.00010070225010292363
baltimore,21157,24013,MD,0.21151573745837363
baltimore,21784,24013,MD,0.20927328391878827
baltimore,21158,24013,MD,0.13501718766784832
baltimore,21771,24013,MD,0.07558545493608336
baltimore,21787,24013,MD,0.06642765066065098
baltimore,21048,24013,MD,0.06191588785046729
baltimore,21776,24013,MD,0.02970243850037598
baltimore,21797,24013,MD,0.0176710710065528
baltimore,21791,24013,MD,0.01353528843055108
baltimore,21757,24013,MD,0.007667311204210978
baltimore,21014,24025,MD,0.13820038183780195
baltimore,21001,24025,MD,0.11811239312691957
baltimore,21009,24025,MD,0.11236822445422097
baltimore,21015,24025,MD,0.10576077031626131
baltimore,21078,24025,MD,0.0973354362081846
baltimore,21040,24025,MD,0.08826263800116212
baltimore,21050,24025,MD,0.0636340997758778
baltimore,21047,24025,MD,0.04522287706482942
baltimore,21005,24025,MD,0.024421017680750393
baltimore,21017,24025,MD,0.02338341495808085
baltimore,21084,24025,MD,0.024014277413463934
baltimore,21154,24025,MD,0.02212999086909604
baltimore,21028,24025,MD,0.014318917572839712
baltimore,21034,24025,MD,0.013339420602639662
baltimore,21160,24025,MD,0.009106001494147921
baltimore,21132,24025,MD,0.009089399850585208
baltimore,21010,24025,MD,0.0016103594255831328
baltimore,21130,24025,MD,0.0006474640989457956
baltimore,21044,24027,MD,0.1529252045216339
baltimore,21045,24027,MD,0.11949831529041016
baltimore,21042,24027,MD,0.11934356117359894
baltimore,21075,24027,MD,0.10638642102967762
baltimore,20723,24027,MD,0.09526522745338033
baltimore,21046,24027,MD,0.04715076568116432
baltimore,21029,24027,MD,0.034967396121299094
baltimore,20759,24027,MD,0.019569361498582592
baltimore,20763,24027,MD,0.012352192232750192
baltimore,21041,24027,MD,0.010171566041319349
baltimore,20777,24027,MD,0.010734308284269243
baltimore,21738,24027,MD,0.008412996532100928
baltimore,21794,24027,MD,0.00658408424251377
baltimore,21036,24027,MD,0.006119821892080106
baltimore,21737,24027,MD,0.004973234572069695
baltimore,20701,24027,MD,0.0029262596633394533
baltimore,21723,24027,MD,0.0029262596633394533
baltimore,21765,24027,MD,0.002363517420389558
baltimore,21150,24027,MD,0.001744500953144674
baltimore,20833,24027,MD,0.00036578245791743166
baltimore,21666,24035,MD,0.24734882071289235
baltimore,21619,24035,MD,0.1790743039546019
baltimore,21617,24035,MD,0.1779038836673169
baltimore,21638,24035,MD,0.10860081574747296
baltimore,21658,24035,MD,0.07926937400248271
baltimore,21620,24035,MD,0.064337648519241
baltimore,21623,24035,MD,0.043873027132470294
baltimore,21668,24035,MD,0.030466394750842347
baltimore,21651,24035,MD,0.024295087781521545
baltimore,21657,24035,MD,0.014009576165986876
baltimore,21649,24035,MD,0.008831353076786664
baltimore,21607,24035,MD,0.008476680262457882
baltimore,21628,24035,MD,0.007909203759531832
baltimore,21644,24035,MD,0.002695513388898741
baltimore,21640,24035,MD,0.0024117751374357157
baltimore,21679,24035,MD,0.0004965419400602943
